tweets,time,hashtags
"Last Night My Sister Said  To Me
 â€œWith Kobe Gone...It Seems Like All The Stars Have Burned Outâ€. 
My Sister â™¥ï¸ğŸ’”â™¥ï¸ğŸ’”Kobe",2020-01-27 21:06:38,[]
"@phyllisWookey They look so much alike. Sheâ€™s a beautiful little girl.The Loss To Their Family is impossible to Comprehend,Itâ€™s mind numbing.I didnâ€™t know them (Except through Gee &amp; Ebar,THEY LOVED HIM SO MUCH)but I Keep Crying.Its Universal GriefğŸ˜¥",2020-01-27 03:04:45,[]
Maybe later,2020-01-27 02:53:45,[]
"Wanted to send a song That I Sang That makes me feel the sadness Iâ€™m feeling right now, but I didnâ€™t know them &amp; Maybe itâ€™s inappropriate.ppl can be so mean",2020-01-27 02:52:39,[]
"I feel sad for my sister ,Gee &amp; Brother- in Law,Ebar...They  Are CRUSHEDğŸ’”.THEY. ARE HUGE LAKERS FANS...But Kobe Was
Their â™¥ï¸",2020-01-26 21:25:32,[]
"MyğŸ’”Goes Out To Kobeâ€™s Family,Friends,Fans. Itâ€™s SO HARD To Deal With The Death Of a GREAT STAR,Because We Feel As If We Knew Them Personally.Kobe Bryant Was a GREAT ATHLETE,&amp; All Of America Will Feel His Loss. 
The ğŸŒ Has Lost a Bright Light âœ¨ğŸŒŸâœ¨.",2020-01-26 20:48:25,[]
@gayleCh36867727 Dear God We Are In Trouble NowğŸ™ğŸ»,2020-01-26 18:47:58,[]
"Iâ€™d Like. To See. Responses
About Kim &amp; Me I Think Itâ€™s Important",2020-01-26 05:16:04,[]
"Donâ€™t Understand why Women Have To Explain  Themselves,&amp; Their Choices. Please Dont Make 50â€™s,60â€™s,70â€™s Mistake...The Time Has Passed  When We Can Be Patted On Our Heads &amp; Told To  Be Good  Girls. Most Young Men Get It. It Takes older Men Longer",2020-01-26 05:03:39,[]
"@LivinMyBst @davy_roder @MrRicione 1st Ur An IDIOT,.I Run  a Business With A 100 Ppl. KIM &amp; I Do More Work Than You Could Possibly COMPREHEND. Kim Has Work Ethic Thats Beyond Ur Undeveloped ğŸ§ .Sheâ€™s a Sweetâ™¥ï¸ &amp; Smart.Weâ€™re Women Who Do Our Jobs + CHARITY WORK To Try &amp; MAKE PPLâ€™S LIVES BETTER.
What Do You Doâ‰ï¸",2020-01-26 04:19:32,[]
@davy_roder ğŸ‘ğŸ»,2020-01-25 08:24:26,[]
@mikemartinezz GodğŸ™„,2020-01-25 07:47:59,[]
"trumpâ€™s BOGUS,UNFUNDED,
â€SPACE FORCEâ€LOGO,LOOKS LIKEâ€STAR TREKâ€LOGOâ€¼ï¸
I THOUGHT HE WAS GOING TO HAVE THE â€œBEST PEOPLEâ‰ï¸
WHAT A F-N IMBECILE https://t.co/nY35S54Tl1",2020-01-25 07:33:15,[]
"@RoarAshley @britneyspears I WISH I KNEW HER...Iâ€™D GO SEE HER,LISTEN,GIVE HER A HUG,&amp; BECAUSE UNLIKE THOSE  IN HER LIFE ...I WANT &amp; NEED NOTHING FROM HER. IN VEGAS PPL HAVE TALKED ABOUT THIS FOR LONG TIME",2020-01-25 04:59:57,[]
@peta IF MY MOM SAW HIM DO THAT... SHE WOULD GIVE HIM THE MAJOR ASS WHIPPING HE DESERVES. I HAVE NO SYMPATHY FOR A MAN WHO DOES ANYTHING TO A DEFENSELESS ANIMAL.PUT HIM IN JAIL &amp; THROW AWAY ğŸ—,2020-01-24 23:53:53,[]
"Know Adam Schiff Cant Carry Whole Impeachment,&amp; Every1â€™s Tired,But If HES Not Talking My Mind Wanders.Others R Doing Best,Butâ€Mostâ€R Dry &amp; Sound like Theyâ€™re Giving Lecture On Algebra. Am Trying Because trumpâ€™s Danger 2ğŸ‡ºğŸ‡¸&amp;Thinks Edison &amp; F. Douglass R Alive,&amp;ğŸ‡ºğŸ‡¸Invented Wheel",2020-01-24 23:43:06,[]
"I Am SO Tired...I Have To Go Lie Down &amp; Watch msnbcğŸ‘‹ğŸ»
#AdamSchiffTRUTHMATTERS",2020-01-24 05:42:49,AdamSchiffTRUTHMATTERS
@LizzLikeMusic â™¥ï¸ğŸ‚,2020-01-24 05:31:53,[]
@BetsyNevil3 Away WhereğŸ˜³,2020-01-24 05:30:12,[]
"@JericaSwag @MileyCyrus Doesnâ€™t She Have Anâ€Advocateâ€
With No VestedğŸ’°Interestâ‰ï¸",2020-01-24 05:29:08,[]
"@ellenzradio @mthomson2008 When He Ran For President He
Sought To Divide The Countryâ€¼ï¸He Created a Bloodless Civil War.He Has Nothing Inside,Heâ€™s Empty,a
Void,a Black ğŸ•³",2020-01-24 05:10:31,[]
@JericaSwag @MileyCyrus Whoâ€™s Herâ€TEAMâ€â‰ï¸,2020-01-24 05:01:50,[]
@ellenzradio @mthomson2008 â‰ï¸,2020-01-24 04:58:18,[]
@Annette80995626 @BetsyNevil3 Will ğŸ™ğŸ»,2020-01-24 04:57:47,[]
@Chris_BlueWave Fâ€™N A BUBBAâ€¼ï¸,2020-01-24 04:54:27,[]
"At Work &amp; Am Incredulous 
As To WHY WHY WHY
THE DEMS KEEP SAYING 
â€œQUID PRO QUAâ€ğŸ™„.
MOST PPL IN AMERICA DONT UNDERSTAND LATIN.  BASICALLY IT IS 
BRIBERYâ€¼ï¸IT MEANS â€œ THIS FOR THATâ€
ğŸ’‹
ME",2020-01-24 01:23:48,[]
"Nite,Work EARLY....I HATE EARLYğŸ¤®",2020-01-23 08:25:19,[]
@xannalenakx Very ingeniousğŸ ,2020-01-23 08:24:15,[]
@randy_kelle Ahh Yes....AND....â€WE MUST PROTECT THEMâ€,2020-01-23 08:15:32,[]
"donald trump,President Of The United States...Thinks...ğŸ¤¯
â€œTHOMAS ALVA EDISONâ€IS STILL ALIVEğŸ˜µ.WONDER IF HE THINKS EDISON IS STILL IN MENLO PARKâ‰ï¸NOT LONG AGO HE THOUGHT FREDERICK DOUGLASS WAS STILL ALIVE. 
fk Impeachment..WEâ€™RE IN DANGER,ğŸ˜±SOMEONE GET THE 25th AMENDMENTğŸ¤ª",2020-01-23 08:05:03,[]
Got to go Working tomm.ğŸ¤«,2020-01-23 01:48:12,[]
"@MarioC_93 Question...Why is a woman being worked,If Its Known By Her Conservator that Sheâ€™s not well enough to Care for herself",2020-01-23 01:45:24,[]
"Inside the Battle for Britney Spears https://t.co/t6McOBuuSv via @LAMag POSSIBLE ...JUST ENOUGH MEDS TO KEEP HER WORKING,BUT NOT ENOUGH TO HAVE A LIFE",2020-01-23 00:49:40,[]
"Sea foam fills streets in Spain after deadly storm Gloria hits the country / Twitter
Guess There Is No Climate Change.trump SAYS THERE IS NO CLIMATE CHANGE....
WE ARE SOOOO.....ğŸ˜± https://t.co/EgSP6SO2Jk",2020-01-23 00:43:44,[]
@Cher___Chicago @cherbvllock ğŸ‘»ğŸ‚ https://t.co/SoIxpucR6A,2020-01-23 00:39:14,[]
@CherMakesScents HurrayğŸ’„ğŸ’ƒğŸ½ğŸ‘ ğŸ‘ .Hope Bitch Goes Down For The CountğŸ‘ğŸ»,2020-01-23 00:38:23,[]
"@kadamson44 HE DOESNT GIVE A FLYING FK ABOUT THOSE TROOPS.HE SAIDâ€ITS NOT LIKE THEY LOST AN ARM OR LEGâ€.LIKE trump KNOWSâ€ANYTHINGâ€ABOUT PUTTING HIMSELF IN DANGER 4 HIS COUNTRYğŸ‡ºğŸ‡¸.HEâ€™S LOYAL 2 RUSSIA. RE HEAD TRUMA, I DIDNâ€™T KNOW trump WAS CROOKED PRES.â€ANDâ€A NEUROLOGICAL  SPECIALISTğŸ˜± https://t.co/opBUHVXjsg",2020-01-23 00:35:42,[]
@NisaCher One of my favorite songsğŸ’”,2020-01-22 23:53:05,[]
@Trinijasgirl31_ @Honeyglowoman1 @deborahgoguen The Ingredients are VERY GOOD.Spray a little,2020-01-22 23:51:53,[]
@Annette80995626 I loved it tooğŸ¥°,2020-01-22 23:50:25,[]
@Trinijasgirl31_ @Honeyglowoman1 @deborahgoguen WhatğŸ˜³,2020-01-22 23:49:47,[]
"@Puds13751 trumps Half Way 2 Achieving His Goal,.Turning Americanâ€™s IntoğŸ‘&amp; Help From Russia AGAIN.If We  Donâ€™t Fight Hard &amp;Soon,Heâ€™ll Obtain Complete Power InğŸ‡ºğŸ‡¸.He Controls Supreme Court,150 lifetime Judges, ENTIRE GOV. He Uses Intimidation,ğŸ’°,Quid Pro Quo,Promises,Member Of trump Cult",2020-01-22 23:48:31,[]
trump Didnâ€™t Care About Severe HEAD Injuries SUFFERED BY TROOPS By Iranian Missiles. trump saidâ€I didnâ€™t know About Head Injuries Immediatelyâ€BUT WHY DDIDNT HE SAY SOMETHING WHEN HE FOUND OUT.He Also Said INJURES WERE Nothing compared 2 Losing Arm Or Leg https://t.co/Hb6cPrSley,2020-01-22 19:18:29,[]
"Will Donald Trump Destroy Presidency?The Atlantic.He
DividedğŸ‡ºğŸ‡¸,Rules GOP,&amp; ALL Agencies,&amp; Branches Of Gov.With IRONğŸ‘Š.COMPLIES WITH NO RULES,IS ACCOUNTABLE 2 NO 1, ACKNOWLEDGES NO POWER BUT HIS OWN.LIES,CHEATS, STEALS,&amp;PICKS GREEDY CRIMINALS 2RUNğŸ‡ºğŸ‡¸

  https://t.co/pSoltpg9M4",2020-01-22 09:15:55,[]
"@HulmeCharlotteA Breathe,Read,Listen to a book.
Thereâ€™s always Overwhelming 
Shit that happens , gotta know that. Your job,find ways to deal.
Just got an app I like â€œSlumberâ€
It Can help you Chill.Pema
Chodren WHEN THINGS FALL APART",2020-01-22 07:39:43,[]
"Babe,Give It Up. GOP Back In The Day Didnâ€™tâ™¥ï¸Giving Things Away 4 Free,But They Werent Trumpians. Congressman At Sonâ€™s Funeral,Said,â€HE DIDNT KNOW AS MUCH ABOUT POLITICS AS SUM OTHERS,BUT HE COULD GET ANGRY MEN BACK 2 THE TABLE,&amp; MAKE EM LAUGH TILL THEY GOT SOMETHING DONE",2020-01-22 06:44:39,[]
"Sorry,Was worried about some
Grammar &amp; Wanted To re-write it,&amp; My Phone DiedğŸ˜¤..I ğŸ™ğŸ»There are less mistakes in this one &amp; That My Meaning Is  crystal Clear",2020-01-22 03:27:24,[]
"Do Not Give Up Americaâ€™s Guiding Document To The Republican Senate..They will Only Trample It like Their Master Of Chaos,donald john trump.
â€œGIVE NOT WHAT IS HOLY UNTO DOGS,NOR CAST YOUR
PEARLS BEFORE SWINE. REPUBLICAN SENATORS ARE NOT UNBIASED JURORS..., THEY ARE LIARS &amp; SWINE",2020-01-22 03:21:26,[]
"trumpâ€™s Like Deadly Virus,Only He Knows Who,&amp; What He Kills.
Heâ€™sğŸ”¥Bent On RemakingğŸ‡ºğŸ‡¸
IN HIS OWN IMAGE.HEâ€™S CO-OPTED GOP,DOJ,CIA,FBI, SECRETARY OF STATE, PENTAGON,ALL AGENCIES.IF HE WINS,HATRED,RACISM BIGOTRY WILL ESCALATE. FREDOM WILL PERISH.RUSSIA WINS #MANCHURIANCANDIDATE.",2020-01-21 01:42:30,MANCHURIANCANDIDATE
@primo2009 Will do my best .,2020-01-21 00:50:27,[]
@deborahgoguen @primo2009 Will do my best.... Iâ€™m just the singer,2020-01-21 00:48:49,[]
"@brill_inst IMğŸ™ğŸ»SORRY,in writing I felt HE GAVE HIS LIFE 4 HIS CAUSE.Throughout History 
Brave men have knowingly RISKED their Lives 4 The causes they believed in.I know he was â€œKILLEDâ€On Balcony of His Motel .Medgar Evers knew he was in constant Danger Of Death,but risked his life Anyway",2020-01-21 00:44:04,[]
"Martin Luther King Jr. Is A Hero To All Ppl Of Good Will. He Gave His Life Trying To Right 
A Wrong,A Dark Cloud That Rains Down Hatred &amp; Pain Across America 2 THIS DAY. HOW CAN WE BE THE LAND OF THE FREE TILL ALL PPL ARE TREATED WITH RESPECT. THERE IS NO EQUALITY INğŸ‡ºğŸ‡¸",2020-01-20 23:50:37,[]
Whyâ‰ï¸ https://t.co/yE9ZzkLCet,2020-01-20 09:26:36,[]
@BabautaBrandon @ChelseaSwan7 A CutieğŸ§šğŸ»â€â™€ï¸,2020-01-20 07:17:14,[]
"@CherMakesScents I Miss Both Of Them SO MUCH.
We Are Lost Without Them.
They were The Soul Of  The Democratic Party.ğŸ’”
Elijah Cummings &amp; John Lewis
Are HEROES Forevermore ğŸ™ğŸ»",2020-01-20 04:05:51,[]
@soofiisooph WHOA....WHO IS THE GREATEST ACTRESS EVER.... WITH THE HOT BODâ‰ï¸,2020-01-20 02:48:14,[]
"National Archives Apologizes
For blurring Signs Which Were Carried duringâ€Womenâ€™s March.
What I Want 2 Know Is,WHO COULD MAKE THEM COMPROMISE THE VALUE
SYSTEM THEYâ€™VE ADHERED 2
FOR 75 YEARSğŸ˜³â‰ï¸WHO WANTED IT DONE,WHO
WAS POWERFUL ENOUGH 2
GET IT DONEâ‰ï¸WHO WAS PETTY ENOUGHâ‰ï¸ https://t.co/W0XCFoaqRu",2020-01-20 02:40:33,[]
"I appreciate,&amp; All Your â™¥ï¸ &amp;  support, but Taking RESPONSIBILITY,&amp; Being
ACCOUNTABLE Is a MUST. Saying youâ€™re sorry &amp; meaning it
Keeps you grounded. https://t.co/UzoWDWDohB",2020-01-19 20:36:31,[]
"@CherIsTheCure Do you â™¥ï¸Art,&amp; Fashionâ‰ï¸
If So â€œRememberâ€.
Stress is part of life.learn how to
React to it. Easier said than done,Trust Me I Know. I Have Major Work Friday....Stress Wonâ€™t Help me do a better job.
When we feel afraid...breathe,&amp; Let Fear wash over us.",2020-01-19 19:56:48,[]
"@_mollyyy_2501_ Iâ€™ve Always Had Stage Fright Until I Actuallyâ€Get On stageâ€.
What I Think of Right Before 
The lights Hit Me.
â€œThis is Where Iâ€™m Supposed To Beâ€.I was given a gift to Share...I Can Make Ppl Happy,Make Them Forget Worries For 90 mins.Its Not a Big Deal,but it Helps",2020-01-19 19:45:44,[]
@cherpaulyfamily ğŸ‘ğŸ»,2020-01-19 19:09:15,[]
"When I proposed Question About Elisabeth Warren &amp;
Bernie Sanderâ€™s Argument I Was Wrong.All I Caused Was Upset,
&amp; Division,&amp; For That Iâ€™m Truly Sorry.I Have a Responsibility 2 Ppl who come on my site,&amp; I Fell Well Beneath It. We Have enough Angst Without Me Adding MoreğŸ’”",2020-01-19 19:04:12,[]
@JTomb25 I wholeheartedly agree,2020-01-19 17:42:09,[]
"@BetsyNevil3 @DollyParton YesğŸ¥°
Dolly was doing my special 
(Also Rod Stewart)&amp; we Laughed The Whole Time. She was so Precious. In one Song she played an angelğŸ˜‡",2020-01-19 17:39:19,[]
"@Annette80995626 Iâ€™m So so Sorry .
Iâ€™ll get on itğŸ™ğŸ»",2020-01-19 17:27:48,[]
"@bono_cher @DollyParton @DollyParton 
HAPPYğŸ‚DEAR ,BEAUTIFUL TALENTED,FRIEND. YOU ARE
AN AMERICAN ICON AND Iâ€™VE ADMIRED YOU SINCE THE DAY I MET YOU AT SANDYâ€™S
â™¥ï¸
Me",2020-01-19 17:19:49,[]
"https://t.co/AcLPTJs8lr via @NYTimes .Canâ€™t stop thinking about this.Who In trumpâ€™s Orbit Got The National Archives To Soil Itâ€™s Reputation.Did Other Presidents Ask 4 Signs They Didnâ€™t Like,To Be Defacedâ‰ï¸ I Think trump Is Suffering From Some Sort Of Mental Problem",2020-01-19 08:16:13,[]
"https://t.co/AcLPTJs8lr via @NYTimes &amp; NATIONAL 
ARCHIVES...SHAME ON YOU.
WHERE IS YOUR MORAL COMPASSâ‰ï¸THIS IS HOW IT https://t.co/C36XAzqhjP ARE SUPPOSED TO RECORD HISTORY,INSTEAD YOU ARE HIS ACCOMPLICES. YOU BEAR THE BLAME.WOMEN SUPPRESSING WOMEN.STAND UP 4 US,WEâ€™RE CITIZENS",2020-01-19 02:20:11,[]
"@geridavis @dllynnnnn PPL ARE PPL.THEY GET CONFUSED,DISAPPOINTED, ANGRY.THATS HAPPENED TO THE SMARTEST POLITICIANS. I WAS NOT TAKING SIDES....JUST CURIOUS.",2020-01-19 02:04:11,[]
"@Tooscie @japansa Not unless All gop suddenly get
Amnesia,Or Moral Compass &amp; Conscience Transplants.
DEMS Have passed ğŸ’¯ğŸ’¯ğŸ’¯Of bills that will never see the light of day. Do Ppl Not Know This.
Politicians promise &amp;ğŸ¤ğŸ»",2020-01-19 01:54:47,[]
@Dovebyrd @USNatArchives Need to rewrite I was in the Middle of changing words around,2020-01-19 01:44:19,[]
"https://t.co/AcLPTJs8lr via @NYTimes 
ALL KIDDING ASIDE.THIS IS BEGINNING OF DICTATORSHIP. THE LEADER OF THE FREEğŸŒCANT BARE 2 SEEâ€WOMEN CARRYING SIGNS THAT DONâ€™T ğŸ’‹HIS MAMMOTH ASSâ‰ï¸TOO FKNG BAD trumpâ€¼ï¸YOUâ€™RE A DANGER 2 OUR KIDS,COUNTRY, ğŸŒ.2 MORE IQ POINTS,&amp; VOILA IMBECILE",2020-01-19 01:27:26,[]
"https://t.co/AcLPTJs8lr via @NYTimes 
Is trump aâ€Fairy Princessâ€OR PRESIDENT OF THE UNITED STATES,Is He Ariel Fromâ€The Little Mermaidâ€OR COMMANDER IN CHIEF,Is trumpâ€Bambiâ€OR AIR FORCE ONEâ€™S PRIMARY PASSENGERâ‰ï¸Apparently trump CANTâ€BAREâ€SIGNS THAT DONT SAY NICE THINGS ABOUT HIM",2020-01-19 00:55:55,[]
"@10peeps3 @Trinijasgirl31_ Me,Kate,Vitus,&amp; Ron DuGuay=pro Hockey",2020-01-18 18:43:01,[]
"Putin is sending a message to the world with his shock announcement
https://t.co/n6lXy5arWj
PUTN IS NOWğŸ‘‘ OF RUSSIA.trumpâ€™s RE~ELECTION WILL MAKE HIMğŸ‘‘,&amp; ğŸ‡ºğŸ‡¸ASâ€WE KNOW ITâ€WILL CEASE 2 EXIST.
ğŸ‘‘trumpâ€™s SHOWN 3 YRS OF ETHICAL&amp; INTELLECTUAL BANKRUPTCY.ğŸ‘‘trump IS THEâš°ï¸OF FREEDOM",2020-01-18 18:36:15,[]
@Trinijasgirl31_ Canâ€™t really remember.. but hair is short....HhmmmğŸ¤”,2020-01-18 05:37:37,[]
"Me &amp; Friend Joey(Sheâ€™s Hidden)Are In Beautiful 
Arched Basement Of Church In Rhonda Spain. City Built Between 2 Mountains.Jail was in Bridge. 1 Guy Was Caretaker of Churchâ€™s Son. In nite They Had Flamenco Singing 
&amp; Dancing. In The Day HOMEMADEğŸ·SANGRIA.
IT TASTED LIKE PUNCHğŸ˜± https://t.co/TMqPMSsmVy",2020-01-18 05:34:41,[]
@10peeps3 @realDonaldTrump This is not realğŸ¤”,2020-01-18 05:03:38,[]
"@BetsyNevil3 NANCY PELOSI COULD KICK trumpâ€™s MAMMOTH ASS...ONE FOOT KICKING IT,THE OTHER TRYING ONğŸ‘ ğŸ‘ .ONE ARM BEHIND HER BACK,THE OTHER BAKING ğŸªğŸªğŸª.",2020-01-18 04:56:55,[]
@10peeps3 â€œLIFE WITH ELIZABETH â€œ,2020-01-18 04:46:01,[]
"Who do you think should be PRES. VICE PRES.
HAVE YOU DONE RESEARCH OR IS IT JUST AN EMOTIONAL 
REACTION... DONT WANT TO GO AGAINST YOUR FRIENDS 
OR POLLS",2020-01-18 04:45:17,[]
"US military now says US troops injured in Iran attack - CNN Politics.
I BELIEVE NOTHING THIS GOV SAYS. trumpâ€™s A DEGENERATE LIAR &amp; SO ARE HIS GUTLESS MINIONS.
â€œNOğŸ‡ºğŸ‡¸TROOPS KILLED OR WOUNDEDâ€PROMISED PRES.BONE SPURS.
#EverythingTrumpTouchesDies https://t.co/rvlzLRUYw6",2020-01-18 03:42:31,EverythingTrumpTouchesDies
"Trump Ordered to Pay $2 Million 2 Charities for Misuse of Foundation. trump STOLEğŸ’°
FROM HIS OWN CHARITY 2 PAY 4 HIS CAMPAIGN &amp; PORNâ­ï¸. BY LAW HEâ€™S NEVER ALLOWED 2 HAVE CHARITY AGAIN,BUT CAN BEğŸ‡ºğŸ‡¸PRES.HIS CHILDREN FORCED BY COURT 2LEARN HOWâ€NOTâ€2 STEAL
 https://t.co/oDsWmQ0xO5",2020-01-18 02:57:38,[]
@johnywishbone99 ğŸ™ŒğŸ»ğŸ¥°ğŸ‘‘,2020-01-16 05:04:16,[]
"@AlexxaMeL THIS IS NO LMAOâ€¦THIS IS 
HEART BREAKING ğŸ’”.ITS DEEP MEANNESS,&amp;  CANNOT BECOME THE NEW NORMAL.
DO MOTHERS WANT THEIR CHILDREN TO THINK THIS IS APPROPRIATE â‰ï¸GOD I HOPE NOTğŸ™ğŸ»",2020-01-16 05:02:12,[]
@tommyomalley NEVER GONNA HAPPENâ€¼ï¸,2020-01-16 04:46:12,[]
"@itschersworld @WendyWilliams THESE ARE THE PPL @WendyWilliams IS MAKING FUN OF. Joaquin Phoenix was a Child,&amp; We Dont Know What He Had To Go Through. HE IS ONE OF THE GREAT ACTORS OF OUR TIME,MAGNETIC,&amp;
MORE THAN HANDSOMEâ€¼ï¸SHE WILL BE JUDGED FOR THIS 
FOREVER https://t.co/XhH8FZms3c",2020-01-16 02:17:51,[]
RT @itschersworld: @cher these kids go through more than most of us will ever be able to comprehend and they are brave and beautiful and soâ€¦,2020-01-16 02:09:10,[]
DOES AN APOLOGY MAKE UP FOR THIS https://t.co/Su0OHB8hTG,2020-01-16 02:07:34,[]
"@StefanoScibetta APOLOGIZEDğŸ¤¬
THERE IS NO APOLOGY FOR
WHAT SHE DIDâ€¦. &amp; LAUGHED
ABOUT â€¼ï¸I KNOW THESE CHILDREN,&amp; ADULTS.THEY GO THROUGH HELL,THEIR PARENTS GO THROUGH HELLâ€¼ï¸Fk Her Apology.
SHE WANTS TO KEEP HER JOBâ€¼ï¸I CANT CONTAIN MY ANGERâ€¼ï¸",2020-01-16 02:05:41,[]
"BEFORE THEIR TEENSâ€¼ï¸MUCH OF THE TIME THEY ARE IN PAIN,AFRAID,BUT HAVE HOPE ğŸ™ğŸ»THEY WILL LOOK NORMAL. THEğŸ’”&amp; FEAR THEIR PARENTS GO THROUGH IS UNBEARABLE. IF YOUR MOM SAW WHAT YOU DID SHEâ€™D BE ASHAMED. MY MOM TAUGHT ME TO LOVE &amp; HELP PPL IN PAIN.WHO ARE Uâ‰ï¸U SHOULD B FIRED",2020-01-16 01:58:55,[]
"@WendyWilliams I Was Going To Try &amp; Hold My TemperğŸ¤ğŸ»BUT IM SO F-NG ANGRY I CANTğŸ˜¤.
In 1985 I Made a Film Called
â€œMASKâ€â€¼ï¸THROUGH THAT FILM I BECAME INVOLVED WITH CHILDREN,&amp; ADULTS WHO HAD CRANIOFACIAL 
ANOMALIES. YOU HAVE NO IDEA WHAT THESE PPL GO THROUGHâ€¼ï¸20+ OPERATIONS",2020-01-16 01:29:09,[]
Everything is GONEğŸ˜¡,2020-01-14 03:39:22,[]
My Tweetbot Page Just Went BlankğŸ˜­,2020-01-14 03:36:39,[]
"Six Saudis Said 2Be Questioned After Pensacola Navy Base Shooting.WHY DID trump LET ğŸ’¯SAUDIS STAY ONğŸ‡ºğŸ‡¸BASEâ‰ï¸DID GOV.LOOK ON LINE 2 SEE THEIR ANTIğŸ‡ºğŸ‡¸SYMPATHIESâ‰ï¸ONE KILLED,ANOTHER FILMED.19 SAUDIS BROUGHT DOWN TWIN TOWERS.NEVER 4GET.
trumpâ™¥ï¸SAUDIğŸ’° https://t.co/jxgXERUjr6",2020-01-14 03:32:22,[]
"NOW in UK free shipping for Cher Eau de Couture until Valentineâ€™s Dayâ€¼ï¸ FREE shipping in the US, $15 shipping to Canada @scentbeauty https://t.co/mbVIumvwnW",2020-01-14 01:51:11,[]
@babyimcherss ğŸ‘ğŸ»ğŸ‚ğŸ‘‘,2020-01-13 20:16:44,[]
@adorecher2 @xannalenakx Yes..,2020-01-13 20:13:39,[]
"@Rockthekazzbah @MichaelJStern1 @AlwaysThinkHow @YahooEnt Donâ€™t Know What 2 Think About
2020.Theyâ€™re Criminals &amp; Weâ€™re
Entrenched Inâ€Opposing Ideologiesâ€.Weâ€™re Not Picking PromğŸ‘‘,Or Hottest Guy On Campus.WEâ€™RE CHOOSING
ğŸ‡ºğŸ‡¸PRES.2 LEAD US FROM  CHAOSâ€¼ï¸ONLYâ€ONEâ€THING MATTERS.WHO CAN BEAT trump IN THE GENERALâ€¼ï¸trump=ğŸ’‹FREEDOM GOOD BYE",2020-01-13 20:11:33,[]
RT @Rockthekazzbah: @MichaelJStern1 @cher @AlwaysThinkHow @YahooEnt Yes sadly they did. Statesmen provide leadership. Businessman (or in yoâ€¦,2020-01-13 07:54:47,[]
"Trump Brags About Serving Up American Troops to Saudi Arabia for Nothing More Than Cash.
HOW CAN trump PUT 
LIVES OF OUR TROOPS IN  DANGER TO PROTECT SAUDI ARABIANâ€OILâ€â‰ï¸YOU CAN BET 
trump &amp; HENCHMEN TAKE CUT OFF THE TOP.TROOPS WONT SEE ANY.trumpâ€™s SCUM
 https://t.co/Pd35KBBYcQ",2020-01-13 07:30:31,[]
RT @MichaelJStern1: @cher @AlwaysThinkHow @YahooEnt Trump selling American's lives to Saudi Arabia.  How can that be explained to the men aâ€¦,2020-01-13 06:56:21,[]
Trump Brags About Serving Up American Troops to Saudi Arabia for Nothing More Than Cash https://t.co/AEDTi8LXzm via @YahooEnt,2020-01-13 04:42:18,[]
"@10peeps3 These are more than I can Bear.
This is The Answer
This Is The ONLY ANSWER ğŸ™ğŸ»
Why Canâ€™t People SeeğŸ˜¥",2020-01-13 04:38:33,[]
@MarenJacobson ğŸ’ğŸ’‹ğŸ•Š,2020-01-13 02:50:06,[]
"@Cjones554 @SinatraDino Have No Words To Take Away
Your Anger &amp;Feeling The Gov  Hasnâ€™t Got Your Back.trump Doesnâ€™t Understand Having ANYONES BACK. George Bush Started It With FAKE WMD,IN IRAQ BSâ€¼ï¸He Should Have Bombed Saudi Armyâ€¦15 of 19 Who Killed Americans On 911 Weâ€™re Saudis.I Pray &amp; Send MyğŸ’”",2020-01-13 02:48:49,[]
"@AlohaJJ96815 If I Twt What Iâ€™m Feeling in my heart 24-7 It Would Make It Hard 2 Fight,&amp; FIGHT WE MUSTâ€¼ï¸I Know Politics Makes Most Of You Uneasy,Sad,Afraid,BUT EVERYONE MUST GET INVOLVED NOWâ€¼ï¸Know I Cant Overwhelm With Trump.I Try 2Make You Laugh,But It Will B Harder 2 B Funny All The Time",2020-01-13 02:31:36,[]
"@audubon3514 ğŸ¼God On High,Hear My Prayer.
In My Need..You Have Always Been There.They Were Young,
Not Afraid,Let Them Rest,
Heaven Blessed,
Bring Them Home
Bring Them Home,
Bring Them HomeğŸ’”

Song From Les Miserables.
I Changed Some Lyrics. IM HEARTBROKEN FOR TROOPS &amp; SICK OF ENDLESS WAR",2020-01-13 02:09:56,[]
"@issa_nellyworld OKâ€¦. He Looks Like Reptile, One Toke Over The Line.
Ps LittleğŸŠComing Off The Nose.
Pss &amp; Whats With The Sniffing https://t.co/vFYBOevKGO",2020-01-13 01:52:41,[]
"2 U.S.Troops Killed By Taliban Bomb In Southern Afghanistan : NPR.THESE R SAME TALIBAN trump SAID HEâ€™D MAKE GREAT DEAL WITH.SAID PRESIDENTS  GOT US IN2 ENDLESS WARS IN MIDDLE EAST,&amp; HEâ€™D BRING TROOPS HOME.SAID OBAMA WOULD START WAR WITH IRAN.trumps DEADLY
 https://t.co/jYtGOc3xxB",2020-01-13 01:39:51,[]
@NoraV55460857 ğŸ™ğŸ»ğŸ“œğŸ‘ğŸ»,2020-01-12 22:59:54,[]
@zoedevon16 ğŸ’‹,2020-01-12 22:58:20,[]
@cherslcve I DONT KNOWâ€¦ITS NOT OVER YETâ‰ï¸,2020-01-12 22:57:28,[]
"@BaranskiAnd GORGEOUS,FUNNY,KINDğŸ’‹",2020-01-12 22:56:18,[]
@irishfanofcher ğŸ’‹ğŸ‚â™¥ï¸,2020-01-12 22:55:13,[]
@babyimcherss ğŸ¥°ğŸ‚ğŸ•Š,2020-01-12 22:54:42,[]
"@shessounusual2 Clean out Ur closet WITH A FRIEND Or MUSIC Or OLD MOVIE WHILE U WORK.IF WORRY HELPED,ID SAY DRAW DRAPES,CROUCH IN A CORNER,WRING YOUR HANDS
&amp; SOB. IT DOESNâ€™T HELP,
(IVE TRIED) YOU WANT IT, NEED IT BUTâ€¦
â€œWHAT BELONGS TO YOU COMES TO YOUâ€.
CANT REMEMBER WHEN I SAID IT,BUT ITS TRUE https://t.co/kagjGH04FU",2020-01-12 22:38:18,[]
"@djayyy7 @BetteMidler @robreiner @Alyssa_Milano @LAFoodBank Iâ€™m Down for FOOD BANK.
Send Info Babe.
Bette youâ€™re like Bette Davis &amp;
John Garfield When They Opened The
â€œHOLLYWOOD CANTEENâ€
That was during another war",2020-01-12 19:10:15,[]
"@TheCheapGourmet Ps. NEVER WAS,&amp; NEVER WILL BE â€œMY PRESIDENTâ€â€¼ï¸
Iâ€™D RATHER CHEW GLASS,
THAN LOOK HIM IN HIS HORRIFYING,ALLIGATOR EYES https://t.co/AYnZgPrlhr",2020-01-12 19:02:55,[]
"@TheCheapGourmet trumpâ€™s ELITIST AS THEY COME. Trump TOWERS,PRIVATE CLUBS,PLANE,YACHT,BRAGGINBOUT BILLIONS,HANGING WITH PEDO FRNDS,&amp; U TURN BLINDğŸ‘2 HIS LIES,CRIMES,USE OF PRES.POWER 4 PERSONAL ğŸ’°GAIN,ACTS OF VENGEANCE, STOOGING 4 PUTIN,OR ANY ENEMY OFğŸ‡ºğŸ‡¸WHOâ€™LL MAKE HIMâ€ğŸ‘‘trump THE 1STâ€",2020-01-12 18:52:47,[]
@Jayne071710041 ğŸ™ŒğŸ»,2020-01-12 10:28:56,[]
"Son &amp; Me In Rome Going To See The Pope.I Had To Buy Dress,
Because I Didnâ€™t Have One.
Ohâ€¦ Son Had To Buy a SuitğŸ˜‰
He Looked Handsome https://t.co/FiqwnV1SMB",2020-01-12 10:27:30,[]
"B4 I Met Son I Wasâš½ï¸ğŸ€2 The Wall16.He Took Care Of Me, Made Me Famous,But At Some Point Thatâ€Other Partâ€Of Me Was Lost.I Didnâ€™tâ€FIGHTâ€4 It.
WOMEN MUST FIGHT.FIGHT
2 SAVEğŸ‡ºğŸ‡¸FROM trump.HEâ€™S DONE IRREPARABLE DAMAGE 2ğŸ‡ºğŸ‡¸&amp; I ğŸ™ğŸ»WE CAN SURVIVE HIM.HE DESIRES ONLYğŸ’°POWER,VENGEANCE",2020-01-12 09:51:55,[]
"@CherMakesScents Didnâ€™t say wouldnâ€™t vote
4 Democrat.Tried To make
Point.Billionaires Who Know NOTHING ABOUT RESCUING AMERICA FROM trumpâ€™s CHAOS,&amp; NEW WAR IN MIDDLE EAST, CANT JUST BUYğŸ‡ºğŸ‡¸.Their Are Candidates Working HARD,2 EARN VOTES. This Is Why I Didnâ€™t Want 2 give OPINION.I wont do it again",2020-01-10 18:11:01,[]
"@CherMakesScents My views are not based on Emotion,Or Whoâ€™s likable &amp; Smart.Ive Been Alive Through 11 Presidents,Heard What They PROMISED,SEEN WHAT THEY DELIVERED,HOW THEIR PROMISES WERE NOT KEPT,OR CUT DOWN BY CONGRESS &amp; SENATE.WANTING IS NOT GETTING,GOOD IDEAS DONT EQUAL GOOD GOVERNING",2020-01-10 17:43:27,[]
"@Cjones554 Iâ€™M A WOMAN WITH HARDCORE OPINIONS ON WHO SHOULD BE PRES,BUT
EVERY DEM INğŸ‡ºğŸ‡¸THINKS 
â€œONLYâ€THEIR CANDIDATE CAN GOVERNğŸ‡ºğŸ‡¸DURING THE BIGEST CRISIS IN OUR HISTORY,&amp; I DONT FEEL LIKE BEING BOMBARDED WITH HATE TWTS FROM PPL WHO DONT AGREE WITH ME.DID THAT ONCE,&amp; IT WAS F-ING NITEMARE",2020-01-10 16:37:05,[]
"WOULDNT VOTE 4 TOM
STEYER IF HE WAS LAST DEMOCRAT ON EARTHâ€¼ï¸
ONLY A PERSON WITH EXPERIENCE SHOULD BE ALLOWED 2 RUNâ€¼ï¸donald trump HAS GUTTED, DESTABILIZED,&amp; BEEN A TRAITOR TOğŸ‡ºğŸ‡¸LIKE NO OTHER PRES IN HISTORY.BEING PRES.OFğŸ‡ºğŸ‡¸SHOULDNâ€™T BE ABLE 2 BE BOUGHTğŸ’°ON A RICH MANâ€™S WHIM",2020-01-10 16:10:34,[]
"Why is it When Trump Has to
Read One Of His Bullshit Speeches..
1.His tongue Swells.
2. His Teeth Get Loose.
3.His Lips Go Numb
4.He Forgets His Nose Spray.
5.He Needs Someone To Hold His Head Up.
6.Needs To Brush Up On English 
7.Finish Last Dick &amp; Jane Book https://t.co/1XoILt4fe4",2020-01-10 06:42:22,[]
"@koberocks24 Little Armenian sister Kim
Raved about My perfume. 
She was SO KindğŸ’‹,I â™¥ï¸Her https://t.co/p1AtzikjM4",2020-01-10 06:09:25,[]
@XXNazareth Being Brothers,2020-01-10 05:02:04,[]
Before the rumble https://t.co/jwmIfEZmGb,2020-01-10 04:59:46,[]
"@StewartMaika Itâ€™s always When heâ€™s lying 
Via teleprompterâ€¦.HE CANT
PRONOUNCE WORDS,HIS HEAD FALLS OVER,&amp; HE SOUNDS LIKE HES SPEAKING
AT HALF SPEED ğŸ˜´",2020-01-10 03:46:10,[]
@debbie06468 ğŸ‘ğŸ»,2020-01-10 03:36:33,[]
@shangrila_rose ğŸ’‹â€¼ï¸â™¥ï¸,2020-01-10 03:35:30,[]
"Is it just me ,or does anyone 
else think trump seemed HIGH
During his FAKE ASS SPEECHâ‰ï¸",2020-01-10 03:34:41,[]
"If I Was NANCY PELOSI 
Iâ€™d SUE trump 4  DEFAMATION OF CHARACTER. IM BEGGING YOU NANCEğŸ™ğŸ».

trump Caused Deaths Of Innocent Civilizations.
He &amp; AssğŸ’‹ Brown Shirts Should Be In â›“â˜ ï¸â›“.Pompeo isnâ€™t 
Even pretending it was 
EMINENT DANGER.
trump &amp; STRAIGHT JACKET..TABLE 4 TWO",2020-01-10 03:26:19,[]
@Chris_BlueWave AND YOURE SURPRISEDâ€¦ BECAUSE â‰ï¸,2020-01-10 03:01:06,[]
@janineberry20 WAITâ€¦â€¦â‰ï¸,2020-01-10 02:59:25,[]
@Chris_BlueWave YUP,2020-01-10 02:58:45,[]
"@Chris_BlueWave It Doesnâ€™t â€¼ï¸Dems Are Blocked At EVERY TURN BY THESE BASTARDSâ€¼ï¸VERY SIMPLE, trump &amp; Gop Arenâ€™t Burdened By Truth.HE LITERALLY LIED ABOUT EVERYTHING AT NEWS 
CONFERENCE.ONLY Thing That Could Save DEMS IS IF JOHN BOLTON GREW A CONSCIENCE,&amp; PUT LOVE OF COUNTRYğŸ‡ºğŸ‡¸ ABOVE ğŸ’°",2020-01-10 00:14:03,[]
"Saw program like this one on TV (Iâ€™m going to do it)Where Ppl Go 2 Shelters &amp; Hold &amp; Pet little Dogs/Puppies,Cats/Kittens,Who Are All Alone in CagesğŸ˜¥.
OMGğŸ˜±,JUST occurred to me.Why Arenâ€™t We Allowed In Internment Camps 2 Hold LONELY LITTLE CHILDREN trumpğŸ”’IN CAGES.
Hes Going 2ğŸ”¥ https://t.co/aEUByP4VVW",2020-01-09 15:48:13,[]
"@GroovyTimes777 @brianrayguitar @NancySinatra @realDonaldTrump @MalcolmNance WHY DOES trump ALWAYS
BRAG ABOUT HOWâ€BIGâ€HIS
MISSILES ARE.trump HAS MISSILE ENVY .MISSILES ARE
BIG &amp; POWERFUL,ROCKETS
SMALLER,&amp; WEAKER.THINK trump HAS SMALL ğŸš€,WHICH HE CAN NO LONGER SEE,",2020-01-08 21:28:04,[]
"@10peeps3 OUR SERVICE MEN &amp; WOMEN ARE BEYOND POLITICSğŸ‡ºğŸ‡¸.
THEY ARE OUR FAMILY.THEY RISK THEIR LIVES FOR USğŸ™ğŸ»",2020-01-08 07:21:37,[]
"@susanamet THIS IS TIME OF YR I MAKE DONATIONS TO AMERICAN CHARITIES I BELIEVE IN. 
Iâ€™M ADDING AUSTRALIAğŸ™ğŸ»",2020-01-08 06:50:19,[]
"@susanamet HELPâ€™S NEEDED TO SAVE PRECIOUS ANIMALS ALL OVER 
AUSTRALIA.SOME CHARITIES HAVE MORE MONEY,SOME DONT HAVE ENOUGH. DO 
DUE DILIGENCE,&amp;FIND THE ONE YOU FEEL GOOD ABOUT. 1$,2$,5$. Whatever You can afford. NO MATTER HOW MUCH WE GIVE THEYâ€™ll NEED EVERY PENNY..&amp; MUCH MORE https://t.co/YE0pPNVPlZ",2020-01-08 06:40:33,[]
"@itsJackie79 @itsramona94 Happy Birthday To Ya
ğŸ‚ğŸğŸ‰",2020-01-07 16:59:57,[]
LaterğŸ•¶,2020-01-07 08:08:51,[]
"@emlovescherX They are gentle &amp; sweet,But There Are MANY Animals To Be Rescued,Given Med.Atten. &amp;
Sheltered ğŸ’”",2020-01-07 08:08:23,[]
"@HuddlestonLorna trump PUTS ğŸ‡ºğŸ‡¸ IN DANGER,&amp; IF HE LOSES ELECTION..ğŸ’£ğŸ’¥ ğŸ™ğŸ».
HE SHOULD BE KEPT IN AğŸ•³ .
Thereâ€™s Still a Chance. â€œSUPPORT ANY DEM CANDIDATEâ€ WITH ENTHUSIASM ğŸ™ŒğŸ»",2020-01-07 08:03:10,[]
"WIRES Australian Wildlife Rescue Organisation   
RESCUING ANIMALS.I WILL DONATE HERE https://t.co/oShzDyKMJ2",2020-01-07 06:53:31,[]
@Still_theOnly1 @ChersDiva IT DEPENDS ON WHERE YOU WANT YOUR MONEY TO GOâ‰ï¸,2020-01-07 06:07:20,[]
@CherCrew10 @janineberry20 ğŸ‚,2020-01-07 06:02:46,[]
"@ChersDiva I CANT HANDLE THISâ€¦.I MEAN I CAN HANDLE IT,BUT IT RIPS
MY ğŸ’”OUT",2020-01-07 05:19:32,[]
@janineberry20 Much better ğŸ‚,2020-01-07 05:16:40,[]
@babyimcherss ğŸ‚,2020-01-07 05:15:31,[]
@OGCherLovely PLENTY OF TIMEğŸ‘»,2020-01-07 05:14:32,[]
@rafcorreia Sisters of mercy was for my mom. Itâ€™s about me,2020-01-07 05:12:41,[]
"MY STEP DAUGHTER BROOKLYN ALLMANğŸ’‹
GAVE ME MOST AMAZING ğŸ„GIFT, BUT I JUST FOUND ITâ€¦
ITS GREGORYâ€™S HANDWRITTEN 
1st VERSE OF 
            MIDNIGHT RIDERâ™¥ï¸

I SOBBEDğŸ˜­",2020-01-07 05:10:33,[]
@cherornothing Actuallyâ€¦NO. https://t.co/rc4ytYezGl,2020-01-06 21:32:33,[]
"@marcopiraccini1 HOW DO YOU LIKE MY 
BEAUTIFUL BLUE HAIRâ‰ï¸
         ITS NATURAL",2020-01-06 21:30:58,[]
"@sparkly0106 She Was Saying 
â€œFASTEN YOUR SEATBELTS,ITS
GOING TO BE A BUMPY NITEâ€",2020-01-06 21:28:46,[]
@correale_mike I will Look For Best. I know of a few.,2020-01-06 21:22:43,[]
"@cathiepfister @adamlambert I WAS REALLLLLLY TRYING
â€œNOT TO CRYâ€,â€¦.BUT IT DIDNT 
WORKğŸ˜­
THERE ARE NO WORDSğŸ™ŒğŸ».
ADAMâ€™S SINGING WAS OTHER WORLDLYâœ¨ğŸŒŸâœ¨",2020-01-06 21:15:42,[]
@KatieThinksPink Make sure you Keep your health,2020-01-06 21:04:49,[]
@vikycherpauly I will,2020-01-06 06:29:20,[]
"WHILE trumpâ€™s IN W.H.
NO ONEâ€™SAFE.HEâ€™S TRULY UNHINGED. he HAD NO REAL PROOF OFâ€IMMINENT DANGERâ€.REAL DANGER IS trumpâ€™s LIES COMING BACK 2
BITE him IN HIS ASS. NO ONE
KNOWS THE CHAOS &amp; DEATH 
trump CAN CAUSE BEFORE 
2020 ELECTION.N.KOREA, IRAN,IRAQ,RUSSIA,&amp; ISIS IS REGROUPING ,",2020-01-06 06:10:08,[]
@patgallagher01 Am Going To try To set up Shelters With Amazing Australian Woman,2020-01-05 21:36:55,[]
"RT @TeaPainUSA: Trump: ""I will end the endless wars.""

MAGA: ""Boo, wars!""

Trump: ""I assassinated the top general in Iran.""

MAGA: ""Yay, waâ€¦",2020-01-05 07:27:41,[]
"@patgallagher01 AUSTRALIA=HORRIFIC EXAMPLE Of CLIMATE CHANGEğŸ”¥.
Rich Will Not Escape ItğŸŒª.
Powerful Will Not Escape ItğŸŒ¨.
Young Will Not Escape It ğŸŒŠ
Leaders Meant 2 Make Stringent Laws 2 Protect Us Will Not
Escape ItğŸŒ¬ğŸ’¨.
trump WHO ROLLED BACK EVERY ENVIRONMENTAL LAW WILL NOT ESCAPE ITâ˜ ï¸.",2020-01-05 02:45:17,[]
@CJettNYC IM DYSLEXIC ğŸ™„,2020-01-05 02:02:52,[]
RT @OGCherLovely: @cher ğŸ™ğŸ»ğŸ˜” https://t.co/aA7gxWNFiL,2020-01-05 02:01:23,[]
RT @Cjones554: Yes... https://t.co/TesjHyPvji,2020-01-05 02:01:04,[]
"CLINTON-TRUMP
1.Obstruction Of Justice
 2.Impeachment
 3.Presidential Election
 4.Launched Airstrikes 
 5.Iraq
 7.Immediate Danger
 8. If Youâ€™re Guilty Start 
 War &amp; Say DEMS,Or GOP Are
Undercutting Commander In Chief During National Security Crisisâ€¼ï¸BrilliantğŸ‘ğŸ»
Wag The Dog https://t.co/nYACTUUIz1",2020-01-05 01:59:10,[]
"@WilliamShatner What are you talking about â‰ï¸
Whoâ€™s â€œtheirâ€",2020-01-04 22:33:02,[]
"trumpâ€™s CareeningğŸ‡ºğŸ‡¸Towards
Conflict With IRAN.IRAN Is Capable Of Destabilizing Middle East &amp; ğŸŒ.IRAN Is Ally Of CHINA,RUSSIA,SYRIA,ETC,&amp; Has Assets Around The ğŸŒAble To Create Chaos,Destruction, Death.More Then Ever I Cant ğŸ›‘Thinking,..THIS IS NOT THE TIME 4 ON THE JOB TRAINING",2020-01-04 21:00:38,[]
"RT @maddow: â€œRussia Halts Oil Supplies to Belarus...â€

â€œRussia had likewise used energy supplies as political leverage to keep Ukraine in iâ€¦",2020-01-04 06:25:01,[]
"@katieCHERCREW44 AUSTRALIAN FRNDS JUST ESCAPEDğŸ”¥IN TIME.ITS BEYOND DIREâ€¼ï¸THIS IS WHAT CLIMATE CHANGE LOOKS LIKE.ğŸ”¥15 MILLION ACRES BURNED,450 MILLION ANIMALS KILLED(SO FAR),AIR NOT BREATHABLE,&amp; FIRES NOT CONTAINED.WHY ISNTğŸ‡ºğŸ‡¸COVERING CATASTROPHIC STORY.AUSTRALIA â€œWASâ€ A CLOSE  ALLY",2020-01-04 05:24:51,[]
"@chersarkisian_ Jesse Jo,Laurie Lynn,&amp; Some Chick With Bangs",2020-01-04 04:28:42,[]
@10peeps3 ğŸ’”,2020-01-04 04:24:21,[]
"IN A TIME OF RENEWED TERROR THREATS,OR WORSE. ITS MIND NUMBING THAT trumpâ€™s COMMANDER IN CHIEF. HEâ€™S STUPID,A LIAR ,
EYEBROW DEEP IN CRIMAL ACTIVITY,HE MAKES EVERY DECISION THROUGH THE LENSE OFâ€WHATS IN IT FOR MEâ€.VINDICTIVE,&amp; KNOWINGLY COMMITTED GENOCIDE OF KURDS WITH ERDOGAN.",2020-01-03 22:34:43,[]
@TheCherryPicks @Diane_Warren @Beyonce @ladygaga @TheAcademy @littlebrdrobyn She should have won for manyâ€¦ You Havenâ€™t Seen The Last Of Me,2020-01-03 20:45:31,[]
@DrNicoleCombs This is the best,2020-01-03 20:42:07,[]
"@rafcorreia YOURE RIGHT,Now Stop Bitching &amp; MAKE SOME FKNG SUGGESTIONS. Anyone Can Bitch &amp; Moan,Join something,Do Something to make things better for someone",2020-01-03 18:26:10,[]
"@babyimcherss I love childrenâ€™s Reactions.
They are SO SWEETğŸ‚",2020-01-03 17:22:34,[]
Thanx for all the loveğŸ’‹â™¥ï¸ğŸ’‹,2020-01-03 17:19:57,[]
"Killing Soleimani Wouldâ€™ve been smarter Without trumpâ€™s Usual Fanfare.trump Has put Americans Around TheğŸŒIn Danger, Especially Our Armed Forces,&amp;ğŸ‡ºğŸ‡¸Embassies.
When Clinton Was Impeached,HE STARTED A CONFLICT TOO. trumpâ€™s Mind Must Be At Ease Now That Heâ€™s Off THE FRONT PAGE. https://t.co/krlIStUY1K",2020-01-03 17:15:43,[]
@ktwoodlief Love this little guyâ€¦.He Says it All,2020-01-03 04:43:58,[]
@Cherfan4ever1 5-202020 https://t.co/ySBKI4j6a5,2020-01-03 04:42:07,[]
"With All This â™¥ï¸How Can I Help
But Get WellğŸ’‹.
Iâ€™m Tuff https://t.co/jX5WoGVIil",2020-01-03 04:40:38,[]
â™¥ï¸UğŸ•Š,2020-01-03 04:32:44,[]
"Iâ€™m so sorry I didnâ€™t wish You a
Happy  New Year,but I got sick,..Am Still sick. Have Been to drs. Seems is Some Sort Of Stomach Virusâ€¦hurtsğŸ˜¥.
I Send Myâ™¥ï¸&amp;ğŸ™ğŸ»FOR 2020.
ğŸ’‹
Me",2020-01-03 04:31:32,[]
@RisaMargo @Condors I would â¤ï¸ to go see @MilesKoules play a game ğŸ’. Letâ€™s goâ€¼ï¸,2019-12-31 00:25:39,[]
"It Is a Crime To Put a Whistle-Blowers Life In Danger.. IF ANY
THING HAPPENS TO HIM...THE CRIME IS trumpâ€™s ALONEâ€¼ï¸

 https://t.co/tHuua5azuC",2019-12-30 05:18:19,[]
"WHY MUST THE GOOD FIGHT FOR LIIFE,WHILE THE EVIL THRIVEğŸ˜ 
I WILL PRAY EVERY DAY FOR
REP JOHN LEWISğŸ™ğŸ» https://t.co/X7DVBtCbov",2019-12-30 05:06:18,[]
"@jameskwaters OH GOD NOğŸ˜­â€¦. I CANT BEAR HIM TOOğŸ˜«.WE NEED THESE MEN OF HONOR, MORALS, HONESTY MORE THAN EVER.
I WILL PRAYğŸ™ğŸ»FOR HIM.
THE EVIL THRIVE WHILE THE GOOD ARE CALLED HOME.",2019-12-30 04:42:38,[]
"@disneyjeepher @chervinylcolle2 @myscentbeauty .LOOK AT FIRST DATE IN LV,&amp; WORK BACK â€¦ Iâ€™ll find out.",2019-12-30 04:29:01,[]
"@zoedevon16 When you create you must Not pay attention to small minded ppl.Van Gogh,sold Nothing.
Ppl laughed at me many times in my life. I WIPED MY EYES &amp; KEPT ON GOING. You Must Do The Same",2019-12-30 04:26:27,[]
@ViliaohVilia @myscentbeauty HERE,2019-12-29 22:32:15,[]
@zoedevon16 @myscentbeauty Make Them &amp; Put Them On Line.,2019-12-29 22:31:54,[]
"@SeaSparks21 @funguys03948994 @mame6432 What Is Thisâ‰ï¸A  Man Running For PRES Is Shooting Whipped Cream Into A Guyâ€™s Mouth In Front Of His Campaign SignsğŸ˜³
Is This a Thingâ‰ï¸Is This a Joke I Missedâ‰ï¸I Donâ€™t Get It â‰ï¸",2019-12-29 22:30:06,[]
"@chervinylcolle2 @myscentbeauty Saw This &amp; HadğŸ’¡.Real Ppl Design Still Ad Campaigns 4 Perfume. Stiles Video, Combo.Creative,Bizarre,
CoolğŸ’‹Winners Get meet &amp; Greet At Concert,Take Pics,Signed Program,New Perfume Swag,Event Size Perfume,ğŸ’µ.If You Have Talent Submit Swag 
Design. #FANDESIGN",2019-12-29 21:43:24,FANDESIGN
"Lawsuits Allege 'Grave Harm' To Immigrant Children In Detention : NPR.DONT 4GET LITTLE HELPLESS ONES,â€ALONE WITHOUTğŸ’–OR TENDERNESSâ€. 10,000 CHILDREN KEPT PRISONERS 2DAY,WILL BE ANGRY BROKEN PPL OF TOMM.
WILL THEY BEğŸ”’UP 4EVERâ‰ï¸FOLLOWğŸ’°â€PRIVATE PRISONSâ€ https://t.co/zv7khcZ33p",2019-12-29 16:04:18,[]
"https://t.co/z9BLrZDwsH via @NYTimes. CHINA &amp; INDIA WEAR MASKSğŸ˜·2 BREATHE,ğŸ’§IS CONTAMINATED (FLINT),FOODS UNSAFE,&amp;THEY DIE AT ALARMING RATES.YET trump CONTINUES 2ğŸ”¥SCIENTISTSâ‰ï¸ğŸ‡ºğŸ‡¸WILL DIE WITHOUT SCIENCEâ€¼ï¸WHEN WE CANT BREATHE,&amp;WATERâ€™Sâ˜ ï¸.
STOCK MARKET,&amp; BIG WALL WlLL MEANğŸ’©",2019-12-29 15:23:03,[]
"Chuck Toddâ€™s Not ONLY
TV Host Whose Show is 
Study Inâ€ğŸ™ˆğŸ™‰ğŸ™Šâ€Journalism.
trump is,&amp; Always Has Been a Liar,Criminal,&amp;Beyond Redemption.trump CREATED an Atmosphere Ofâ€Goodnight &amp;
Good Luckâ€&amp;Jokerâ€.EVIL MEN MAKE PPL FEARFUL,&amp;KOWTOW 2 THEM.HEâ€™S THEIR MASTER  https://t.co/PW8IQuIaB4",2019-12-27 10:47:28,[]
"ğŸ™ğŸ»Every1 Has Chance
4 Joyous,Healthy Life.ğŸ™ğŸ»Ppl Lifted From Poverty,Hunger, 
Homelessness.Stockmarket Mean Zero 2 Americans Working 2Jobs.STARTED WITH 5 CHARITIES,BUT SO MANY DESPERATE ONES APPEARED. 
IM LUCKY 2BE ABLE 2GIVE BACK.
SAW 1ST PLEA FROM STARVING RUSSIANS.WHYğŸ‡ºğŸ‡¸",2019-12-26 22:33:28,[]
"MERRY CHRISTMAS TO ALL,
&amp; TO ALL A GOODNIGHTğŸ™ğŸ»
Withâ™¥ï¸From Me To ALL OF YOU",2019-12-25 06:50:45,[]
"WANTED 2ğŸ§šğŸ¼â€â™‚ï¸WISHğŸ§šğŸ»â€â™€ï¸ EVERY1âœ¨ğŸŒŸâœ¨AMAZING HOLIDAYSğŸ„.IF YOURE WITH 30 PPL OR ALONEâ€¦KEEP A JOYFULâ™¥ï¸â€Itâ€™s a wonderful Lifeâ€ is more than a movie title.For My Part,Iâ€™m Lucky To Have All Of You. I Learn Funny,Adorable important, Heartwarming,
ğŸ‘Opening,ğŸ’”things Everyday",2019-12-24 23:32:56,[]
"@OGCherLovely canâ€™t say What I Really Think,but this will Destroy Alaska.Theyâ€™ll cut down ALL TREES (Its Called ğŸ‡ºğŸ‡¸Amazon) &amp; MINE NATURAL RESOURCES TILL SALMON, WILDLIFE DIE,&amp; RIVERS ARE POLLUTED.Many Ppl Will Sicken,Some Will Die.trumps reign of terror Will leave Only Destruction In Its Wake",2019-12-23 05:34:04,[]
"Have promised myself I Wonâ€™t 
EXPLODEğŸ’¥Till After New Year, 
About trump Apologizing To  turk Pres.Erdogan.trump Told HimThere Was  No Armenian Genocide.Guess trump Didnâ€™t Help Erdogan commit Genocide on Our Allies â€œTHE KURDS.
NOPEâ€¦ HE DIDğŸ”¥",2019-12-23 05:02:22,[]
"@sandy_nlsns1 I Think Children should See
Ppl of Color In Positions of KINDNESS,POWER,EQUAL IN EVERY POSITIONğŸ™ğŸ».WE MUST STAND AGAINST THIS NEW ORDER,&amp; SHOW PPL OF EVERY NATIONALITY,SEXUAL 
ORIENTATION. We Are All Human Beingsâ€¦ ALL EXACTLY
THE SAME .THIS IS AN 
UNDENIABLE FACT",2019-12-23 03:44:53,[]
@CherMakesScents Iâ€™m FAST,2019-12-23 03:17:07,[]
@CherMakesScents Yes â€¦.Remember I Was Not wanted for either Role.,2019-12-23 03:15:11,[]
"@xannalenakx Itâ€™s not fake,just not The Scene.
We have every emotion ln our
ğŸ§ /â™¥ï¸We Just access Them",2019-12-23 02:50:25,[]
"A Mom Createdâ€APPâ€To Help             Families All Over ğŸ‡ºğŸ‡¸, 
    ğŸ„â€œFIND BLACK SANTAâ€ğŸ
    
       THIS IS SO COOLâ™¥ï¸",2019-12-23 02:30:22,[]
"@Onewomynarmy I wouldnâ€™t use a filterğŸ˜³.
Itâ€™s a Sunset,Notâ€Cher Showâ€
Strange to think There Must Be A Disclaimer",2019-12-22 09:03:43,[]
@10peeps3 ğŸ™ŒğŸ»,2019-12-22 08:56:59,[]
"@10peeps3 I Donâ€™t Eat Pork,Beef,Veal,&amp;
Cutting Chicken. I Canâ€™t Be An Accomplice To THE TORTUE Of
These Animals.They Are TORTURED FOR THEIR ENTIRE LIVES,&amp; KILLED IN A UNBEARABLE WAY.I WANTED TO SHOW A VIDEO EXPOSE CARNAGE,BUT TOOK ME11 MIN 2 GET COURAGE TO WATCH IT.I SHOOK &amp;  CRIED",2019-12-22 08:42:12,[]
STARTING TO DECORATE FOR FAMILY &amp; 30 GUESTS FOR XMAS DINNER.OMG JUST HOT HOME https://t.co/atEzZbcXPA,2019-12-22 01:49:26,[]
"Took Picks out of This window.
Its one of three windows Down right side of my bedroom.
OH WAITâ€¦. https://t.co/x6Q36lddJ2",2019-12-22 01:28:37,[]
@XXNazareth Out My  bedroom window,2019-12-22 01:22:07,[]
"@pedrojoaquino LOVED MEXICO,But Donâ€™t Know.Two of my best friends are from MEXICO",2019-12-22 01:21:19,[]
"@ChastenAnne I did,but Iâ€™m not Pauli",2019-12-22 01:18:16,[]
Sunset for you. Sorry I didnâ€™t see it sooner.Its still BeautifulğŸ¥° https://t.co/qEFfi585g7,2019-12-22 01:16:01,[]
ğŸ˜¥Got two ## Theyâ€™re closed,2019-12-22 00:45:38,[]
"DOES ANYONE KNOW # FOR
â€œONSIEâ€ STORE. I WEAR MY BLK ONE ALL WINTER. WANTED THEM FOR FAM &amp; FRIENDS",2019-12-22 00:43:44,[]
@BetsyNevil3 Sheâ€™s my best friend &amp; This Makes Her HappyğŸ‚,2019-12-21 03:15:56,[]
@mame6432 Why,2019-12-21 03:03:06,[]
"Who do you think should be
President &amp; Whyâ‰ï¸
Stability 
Like ability 
Experience 
Someone you think Is Most Able To fix the Insanity, Chaos &amp; Criminality trump Has Wrought As Pres.
Other",2019-12-21 02:12:36,[]
"@Cjones554 SweetğŸ’‹.Please Listen.Only U Can ProtectğŸ¥œâ€.trumpâ€™s GUTTED GOV.,HIRED CRIMINALS,IS WORKING WITH PUTIN &amp; HIS CRONIES.I SwearğŸ™ğŸ».
I Knew Information BUSH Went To (ENDLESS)WAR ON WAS A LIE..I Knew Ukraine Had 2 Get ğŸ’µ By a Certain Date Or Lose It Forever.If You Dig Deep.. You Find",2019-12-21 01:08:26,[]
"PUTINâ€™S ORDER TO trump. 
ğŸ”¥KEEP AMERICA TORNâ€.ğŸ”¥
WITHOUT A USEFUL IDIOT RUSSIA CANT TAKE OVER EUROPE,&amp; ACHIEVE PUTINâ€™S  DREAM..THE RETURN OF
          ğŸ´â€â˜ ï¸THE USSR.ğŸ´â€â˜ ï¸
WITHOUT trumpâ€™s Collaboration 
PUTIN COULDâ€™NT BE ğŸŒâ€™S
#1 STRONG MAN.WHENğŸ‡ºğŸ‡¸WAKES UP ITâ€™LL BE TOO LATE. https://t.co/aitOYQsBgA",2019-12-20 18:00:59,[]
"@briana_dex I have social anxiety too.
Arena are better, but before I go on I ask god a few Questions",2019-12-19 08:11:42,[]
@cherornothing ğŸ¤”Hhmmmmm,2019-12-19 08:08:57,[]
@BetsyNevil3 Donâ€™t you just â™¥ï¸Babies,2019-12-19 08:07:13,[]
@paulyscherbear I love all her redsğŸ¥°,2019-12-19 08:05:47,[]
"fulfillment center in Europe Early Jan.
Brazil soon",2019-12-19 08:04:54,[]
@primo2009 @HJay1976 ğŸ¥°,2019-12-19 08:00:34,[]
"@vikycherpauly @HJay1976 Not to worry,Iâ€™m on it.
I donâ€™t believe the word â€œNOâ€",2019-12-19 07:55:13,[]
"@HJay1976 It will be taken care of.
Or my Name isnâ€™t  â€œCHERâ€
No Last Nameâ€¼ï¸ https://t.co/dKgpsUqgpM",2019-12-19 07:53:44,[]
"@HJay1976 YOU HAVE NO IDEA WHAT I HAVE I JUST UNLEASHEDâ€¼ï¸I TAKE PRIDE IN MY WORK &amp; RESPECT MY FANS â€¦.ITS 2:40 IN  NY,&amp; IM WAKING PPL UP.
Called my friend Seanâ€¦ heâ€™ll fix it ğŸ’‹ https://t.co/3XDweGSDL9",2019-12-19 07:44:04,[]
@HJay1976 BABE IM OVER THIS &amp; PISSED OFF â€¦. YOU DONT WANT TO HEAR MY WORDS ğŸ”¥ğŸ¤¬ğŸ˜¤,2019-12-19 07:27:01,[]
"@HJay1976 Babe Iâ€™ll get to bottom of it.
Its uncool",2019-12-19 07:06:58,[]
"@JoeOfTheNorth Was &amp; Has been one of favs. 
By Edwin Hawkins,Sung by
Great Dorothy Combs Morrison,  Northern California State Choir.
Sometimes you got to let the fight go for a min.
Fight Will Be Back",2019-12-19 07:04:12,[]
"""Oh Happy Day"" (Original)(1968) Edwin Hawkins &amp; Northern California Stat... https://t.co/S47bYksZPb via @YouTube 

One of My Favorite Records
    take the anger away",2019-12-19 06:44:15,[]
"OH. HAPPY DAY OH HAPPY DAY - Google Search
One Of My Favorites Everâœ¨â­ï¸âœ¨

            its how i feel
 https://t.co/aflJV6KYrt",2019-12-19 06:37:13,[]
"â€œIMPEACHED PRESIDENTâ€ donald j.trump,Makes RICH RICHER,poor poorer,&amp; Will PURGE MILLIONS Of DEMOCRATS Off VOTING ROLLS.
RUSSIA,RUDI,RESTRICTIONS,
   Thatâ€™s trumps game plan.       

For What Does It Profit a Man To Gain The WholeğŸŒ,Yet Lose His Own Soul

 https://t.co/GWRSf8G9p8",2019-12-18 23:24:24,[]
"This could be a political death 
Blow For Dems.
This is Arbitraryâ€¦.AND
 WHY â€œNOWâ€â‰ï¸trumpâ€™s been In office 3 yrs,&amp; These States Are
Purging pplâ€NOWâ€for NO Reason,OH WAITâ€¦THEYâ€™RE 
PURGING THE Poor,young voters,Ppl Of Color,Old Voters. THEYâ€™RE ALL DEMOCRATS
LaterğŸ•¶ https://t.co/MCB8cA7MJx",2019-12-18 10:00:22,[]
@TheDylansWorld How bout NO,2019-12-18 09:03:57,[]
"GOP-Led Voter Purges in Wisconsin &amp;Georgia Could Tip 2020 Elections.Mother Jones.
GUESS trump HAD 2 HEDGE HIS BET.MAYBE RUSSIAN INFILTRATION,&amp; HILLARY TYPE HIT JOB ON JOE,ISNâ€™T ENOUGH OF A SECURITY BLANKY 4 MOST CORRUPT,DUMB AS FK
THUG,EVER 2 BE PRESIDENT  https://t.co/F0gadOa2nk",2019-12-18 07:31:15,[]
"@BetsyNevil3 I donâ€™t know what it was,but itâ€™s OK",2019-12-17 23:31:49,[]
"JUST STAYED IN ONE OF THE MOST UNIQUE,BEAUTIFUL HOTELS EVER.ğŸ™ŒğŸ»  
â€œEMMA HOTEL,SAN ANTONIO.â€
STAYED IN AMAZING HOTELS ALL OVER THEğŸŒ
                â€œEMMAâ€
MIGHT TAKE THEğŸ‚.
OK,STORYâ€¦3 EMMAâ€™S WITH ONE MAN  AT SAME TIME. 
LAST EMMA SHOT HIM
FOR  AN UNPAID BILLğŸ¤£.
WHOA GURLğŸ‘»",2019-12-17 23:25:05,[]
YOU CAN IMAGINE HIM SAYING THISâ€¦. https://t.co/uAlTdahGua,2019-12-17 21:40:27,[]
"@BetsyNevil3 This is a joke.Frightening Thing is,for moment I Thought it Was Him.Hes Such a fkng Moron Regarding History, you could Imagine him saying ANYTHING. 
WHAT trump KNOWS ABOUT HISTORY YOU COULD PUT ON THE HEAD OF A PIN,&amp; SILL HAVE ROOM FOR THE LORDâ€™S PRAYER",2019-12-17 21:28:21,[]
"@StefanoScibetta ITS SPECIAL,BASED ON TRUE STORY,TOMâ€™Sâœ¨BRILLIANTâœ¨, CHRIS COOPER GREATğŸ‘ğŸ», MATTHEW RHYS PERFECT, MARYANN PLUNKETTğŸ¤—, ENTIRE CAST IS SUPERBâœ¨. KUDOS MARIELLE HELLERğŸ‘ğŸ».
SEE IT WITH UR OPEN,GOOD â™¥ï¸SELF..NOT UR SKEPTICAL, 2019,EVERYTHING SUCKS SELFIE SELF.I ğŸ˜¥.WOULD SEE IT AGAIN",2019-12-17 07:20:04,[]
@adorecher2 @YouTube ğŸ¤ğŸ»ğŸ€.I Understand Exhaustion.,2019-12-17 06:28:19,[]
"@10peeps3 @realDonaldTrump @GOP AMERICAâ€™S 2 LARGE FOR 1 PERSON 2 GOVERN,RICH CONTROL EVERYTHING, STUPIDITY,GREED,POWER, PREJUDICE,INDIFFERENCE.
POLITICIANS HAVE VESTED INTERESTS,NO REALğŸ’°SPENT ON HOMELESS/POOR.TERM LIMITS A MUST.IF POLITICIANS DO ZERO IN ONE YR.KICK THEIR ASSE OUT.EQUALğŸ’°4 ALL,2 RUN CAMPAIGNS",2019-12-17 06:25:22,[]
"Mr Rogers Goodbye https://t.co/kRZ7z1RF3a via @YouTube Saw Tomâ€™s Film a Few Mins.Ago. It Was TENDER,&amp; No One Couldâ€Channelâ€ MR ROGERS,But Tom.Rita u.rğŸ¦ŒğŸ’.
ps.Elijahâ™¥ï¸Mr Rogers &amp; Got 2 spend Some Time With Him.This is His Last Video.We Need HisğŸ’–So Much Now.

trump Brought ağŸ–¤2ğŸ‡ºğŸ‡¸",2019-12-17 05:56:24,[]
"@Aromaj_ No,but Theyâ€™re Funny",2019-12-16 23:35:49,[]
"@NoraV55460857 HISTORY,ART,SPORTS.
RUNNING,SWIMMING,
CLIMBING ANYTHING..TREES, (ONCE UP ON ROOF NAILING   
SHINGLES WITH MOM) BIKING,ON SOFTâš¾ï¸TEAM WHEN I MET SON.HE SAID I WAS TOO OLD FOR GAMESğŸ˜ ",2019-12-16 23:33:09,[]
@BoneBillie Totally CoolğŸŒ¬â„ï¸,2019-12-16 23:16:43,[]
"@JoyceCGoodwin2 Omg They were MOST adorableğŸ¶ğŸ¶EVER.I ğŸ™ğŸ»Loving People Adopt,Volunteer or Donate.",2019-12-16 23:15:55,[]
"@Gettinggray YupğŸ¤—.In Detroit Under Our Truck.He was teeny &amp; fit in my hand.He was ALONE in dirt with puncture wound,Dori Rushed him 2 vet. VET saidâ€heâ€™s dying, but let me tryâ€.He was in vets 2 Days,I Was in Detroit 2 Days.I had a fight 2 keep him,but Iâ€™m Taurus,SO Lotsa LUCK.I Had Him 16 yrs",2019-12-16 23:11:53,[]
"@giovanna88 Sheâ€™s gonna be a heartbreaker.
Such tender dancing ( one of my faves) she has depth of feelingâ™¥ï¸ğŸ’‹",2019-12-16 07:50:50,[]
@Rissi_Orlando Sometimes itâ€™s takes me a couple triesğŸ¤£,2019-12-16 07:47:17,[]
"@10peeps3 @trishayearwood Iâ™¥ï¸MANY #LindaRonstadt SONGS.They Were music of my youth. Joni &amp; Linda WERE BRILLIANT,BEAUTIFUL,SO SPECIAL.Linda Came To Roller skating Parties &amp; I Was With Joni
During Court &amp; Spark.Linda Did Song with Aaron Neville.THEY SANG LIKE ANGELS.Still Makes
me cry.Single best Version",2019-12-16 07:44:06,LindaRonstadt
@xannalenakx @Franzi_ska_ ğŸ‘ğŸ»ğŸ‘ğŸ»ğŸ‘ğŸ»,2019-12-16 06:49:29,[]
"@cisforcher Phil Spectorâ€™s Xmas Album.
Sonny &amp; I sang on every cut.
You can hear me",2019-12-16 06:36:56,[]
@DebbieBlohm4 @ianbassin @rob_bennett Heâ€™ll terminate their corrupt asses,2019-12-16 06:33:56,[]
"@ianbassin @rob_bennett Are you kiddingâ€¦Ha Fkng Ha.
Did You Grow Up With Mr.
Green jeansğŸ‘¨â€ğŸŒ¾â‰ï¸You Couldnâ€™t PossiblyHave Mentioned â€œMoscow Mitchâ€&amp;â€FAIRâ€In Same
SENTENCE https://t.co/ZB4dTWuNyE",2019-12-16 06:31:28,[]
"@ianbassin @rob_bennett FK SENATE,THEYâ€™RE THEâ€LETS NOT STOPğŸ’‹KISSING Trumpâ€™s ASS TILL OUR LIPS ARE CHAPPED,&amp; BLEEDING, ACOLYTES.IF trump KILLED ANYONE ON ANY ST. IN NYC,THEYâ€™D SAYâ€OFCOURSE HE KILLED HIM,HE WAS A 4â­ï¸GEN.,NEVER TRUMPER, WHO INSULTEDâ€VLAD THE IMPALERâ€AS trumpâ€™s Making
USSR GREAT AGAIN",2019-12-16 06:21:21,[]
@KwikWarren @wardlamb HhhmmmmğŸ¤”,2019-12-16 05:20:22,[]
ğŸ‘» ğŸ‰ Resuscitated Itâœ¨,2019-12-16 05:18:01,[]
"Shows Over,Great Crowd,
LIKE ALL OF THEMğŸ™ŒğŸ»
In Bus ,Took Make-up Off.
Saw Beautiful Puppies So Sweet,&amp; STRONG LOVING WOMEN(Thatâ€™s What Iâ€™m Talkâ€™n Bout )BROUGHT PUPPIES TO STAY WITH CREW.PPL NEED LOVING 4 PAW ğŸ¾FRIENDS TO MAKE THEM LAUGH,&amp; TELL TROUBLES TO.
Only In Texas.â˜ï¸âš°ï¸",2019-12-16 05:14:45,[]
"IğŸ™ğŸ»The Myriad of Egregious
Heinous Acts trump Has Done unto Others,Will Be Done Unto Him AğŸ’¯fold.IğŸ™ğŸ»trump Gets Same Pity,Compassion,&amp;â™¥ï¸Heâ€™s Given Abused,Unloved,Isolatedâ›“ğŸ§¸Childrenâ›“,When Heâ€™sğŸ”’Inâ›“ğŸŠâ›“.IğŸ™ğŸ»,As trump Has Taken The Food Out Of 750K Mouths,He Suffers Hunger",2019-12-15 21:53:43,[]
"@babyimcherss A good movie,Comfy Pjâ€™s
Hot  choc (maybe) OH
GOT TO GO TAKE ğŸš¿ğŸ§¼ğŸ§½",2019-12-13 21:50:58,[]
"@cherornothing Actually the director didnâ€™t want
â€œYou Havenâ€™t Seen The last of meâ€ in the filmâ€¦..He Said It Wouldâ€Ruin His Movieâ€ I Was 
â€œOk,YOU DO THE PRESS FOR THE FILMâ€ğŸ˜ ğŸ¤¬",2019-12-13 21:44:16,[]
"@olcott_dianne He would be so thrilled that he made such an impression on everyone. Hope Heâ€™s reading these.Sometimes He could be a softyâ€¦Not all gangstery . He had a Funny Laugh. He has a GREAT SCENE INâ€RADIO DAYSâ€
With wonderful actress who was also in MOONSTRUCK",2019-12-13 21:23:05,[]
Thought ppl might like to know a little bit more about DannyğŸ™ğŸ» https://t.co/wNS3qE6awR,2019-12-13 21:12:30,[]
"@hasmik_h_s @KimKardashian @alexisohanian Girls,could you each take one step towards the turkğŸ‘ğŸ»",2019-12-13 16:07:54,[]
"Goodbye Dear #DannyAiello ğŸ’”
Danny was a Great Actor, But a
Genius Comedic Actor.We Laughed so much. Making #Moonstruck ..It was one of the happiest times in my life,&amp; He Was apart of that Happy time.
Goodbye #JohnnyCammareri
 ğŸ’‹Loretta",2019-12-13 15:56:51,DannyAiello
"@HezTalk @selfstyledsiren I just woke up &amp; didnâ€™t know.ğŸ˜¢
He was so sweet &amp;,funny, but He thought I would kill him when I drove us through the tunnel 
MANY TimesğŸ¥°",2019-12-13 15:34:30,[]
LaterğŸ•¶,2019-12-13 08:44:13,[]
"@OGCherLovely Why are You surprised.
He mocked a man with a disability,He Mocked 
John McCain Even After He Was
DeadğŸ˜±. Heâ€™s Loathsome, Grotesque,Putin Wannabe,With The IQ Of a Fruit-fly.",2019-12-13 08:43:51,[]
@10peeps3 AmenğŸ™ŒğŸ»,2019-12-13 08:23:07,[]
@jameskwaters Why Did trump Obsess About Biden Corruption After Joe Was Head of Him In 2019â‰ï¸ WHY Did He Give Ukraine Money &amp; Arms The Last 3 Yrsâ‰ï¸Instead ofâ€DO US A FAVOR THOUGHâ€ WHY DIDNT trump TELL ZELENSKYâ€CLEAN UP CORRUPTION OR YOU DONT GET A PENNY.Why Did He Let  Congress Give ThemğŸ’°,2019-12-13 08:22:30,[]
"@BetsyNevil3 SHE IS A YOUNG WOMAN OF
QUALITY,DIGNITY,&amp; EMPATHY",2019-12-13 07:42:40,[]
@angela_oehley Their dad needs ağŸ§ transplant,2019-12-13 07:39:39,[]
READ: NYS Attorney General Letitia James Says: 'The Trump Children Had to Undergo Compulsory Training to Ensure This Type of Illegal Activity Never Takes Place Again.' - Second Nexus. ğŸ-ğŸŒ² https://t.co/4525ZQ2tuk,2019-12-13 07:28:27,[]
"President Trump Ordered To Pay
 $2 Million For Misusing Trump Foundation Funds:NPR.
Not New,But Was Spoken About 2Day.ONCEğŸ’°IS PUT IN UR CHARITY ITS NO LONGER URS.U CANT TOUCH IT.trump STOLEğŸ’°FROM HIS CHARITY 2 USE 4 HIS CAMPAIGN &amp; BUY PORTRAIT OF HIMSELF  https://t.co/Qtzj8PUTK8",2019-12-13 07:25:01,[]
"Robert,Bumpy Me &amp;Orphans Because of Azerbaijan. Me on Statue Of Lenin With Holes, Think bullet. Me standing in what WAS HUGE PARK WITH 100 YR OLD TREES.PPL WERE SO COLDâ€¦HAD TO  CUT THEM DOWN. PPL HAD NEXT TO NOTHING. ONE  FAMILY SHARED MONTHS FOOD. EVERYONE LAUGHED&amp; HAD DIGNITY https://t.co/U7fbyZKiXd",2019-12-13 02:41:17,[]
Landing Yerevan With supplies.Seats Bolted In tail &amp; handed us Oxygen canisters as we boarded.Pauli &amp; Me in Layers of clothes. I wore firefighter Boots2ğŸ˜´.Pauli was TROOPER &amp; GAZILLION Months Pregnant. Me  looking for water 2 Take bath. It came once a day if We were ğŸ€.ğŸ’¡2 if ğŸ€ https://t.co/zK7jIXd1G7,2019-12-13 01:42:15,[]
"Need to giveâ¤ï¸To DEAR Armenian  Friend  @esrailian Heâ€™s Been  Fighting The Powers that Be To Get Recognition.I KNOW ARMENIANS HAVE FOUGHT,&amp; DIED TO WIN RECOGNITION.Iâ€™ve Always Called him Lonsman. ,Today I Found itâ€™s a Jewish word for countryman,trusted friend.He Is Both,Sorry",2019-12-12 22:47:46,[]
"@RafaArroio_ I AM CONSTANTLY AMAZED AT
CREATIVITY &amp; ABILITY OF YOUğŸ¥ğŸ£",2019-12-12 21:53:30,[]
"@drewhoyle OHğŸ™ŒğŸ»OHğŸ‘ğŸ»OHğŸ’‹
WHAT CAN I SAYâœ¨ ğŸ†âœ¨YEAH https://t.co/elnv2NokDL",2019-12-12 21:51:17,[]
@thelegendcher ğŸ€ğŸ’‹,2019-12-12 20:32:44,[]
"OH MY GODğŸ˜­
UNANIMOUS PASSAGE OF
OF USğŸ‡ºğŸ‡¸SENATE RESOLUTION 
RECOGNITION,RECOGNIZING 
ARMENIAN GENOCIDE TODAYğŸ™ğŸ»
GOD BLESS FELLOW ARMENIANS ALL OVER THE ğŸŒ.
PAULI,ROBERT,&amp;I TOOK LIFE SAVING SUPPLIES TO YEREVAN IN A TRANSPORT PLANE,WHEN THERE WAS 2 HRS OF WATER A DAY,&amp; NO HEATğŸ•Š",2019-12-12 20:30:50,[]
@cherornothing WAITâ€¦. I SEE PAULI,2019-12-12 20:15:12,[]
"@cherornothing Paul &amp; Linda McCartney 
Party on Queen Mary.. think Iâ€™m 29â‰ï¸",2019-12-12 20:14:26,[]
"@10peeps3 THIS IS RARE,ENDANGERED MONGOLIAN SHEEP THAT 
Satanâ€™s Spawn Destroyed https://t.co/vrQKYyNlzE",2019-12-12 19:19:57,[]
"HOW MANY FELONIES, &amp; IMPEACHMENT OFFENSES CAN THIS LOSER HIDEğŸ¤« https://t.co/19ck7JjnXv",2019-12-12 19:11:24,[]
